subjID,playerColor,compColor,exptPart,trialNumber,playerRole,liarPlayer,marblesSampled,probabilityRed,drawnRed,drawnBlue,reportedDrawn,reportedRed,reportedBlue,callBS,redTrialScore,blueTrialScore,redTotalScore,blueTotalScore,responseTime,trialTime,currStartTime,currEndTime,catchQuestion,catchResponse,catchKey
visitor-c74ch,blue,red,trial,1,liar,blue,6,0.5,4,2,2,4,2,FALSE,4,2,0,0,10769,28336,1621883443588,1621883471924,-1,-1,-1
visitor-c74ch,blue,red,trial,2,liar,blue,6,0.5,0,0,2,4,2,FALSE,0,0,0,0,17407,17410,1621883472969,1621883490379,red,"['TRUE', 'FALSE', 'TRUE', 'TRUE', 'FALSE', 'FALSE', 'TRUE']","['red', 'blue', 'red', 'red', 'blue', 'blue', 'red']"
visitor-c74ch,blue,red,trial,3,liar,blue,6,0.5,5,1,1,5,1,FALSE,5,1,0,0,10151,27772,1621883491422,1621883519194,-1,-1,-1
visitor-c74ch,blue,red,trial,4,liar,blue,6,0.5,1,5,5,1,5,FALSE,1,5,0,0,6141,23563,1621883520242,1621883543805,-1,-1,-1
visitor-c74ch,blue,red,trial,5,liar,blue,6,0.5,1,5,5,1,5,TRUE,-2,5,0,0,7159,23681,1621883544848,1621883568529,-1,-1,-1
visitor-c74ch,blue,red,trial,6,liar,blue,6,0.5,0,6,6,0,6,FALSE,0,6,0,0,28617,45905,1621883569581,1621883615486,-1,-1,-1
visitor-c74ch,blue,red,trial,7,liar,blue,6,0.5,0,6,6,0,6,TRUE,-3,6,8,19,5703,29132,1621883619002,1621883648134,-1,-1,-1
visitor-c74ch,blue,red,trial,8,liar,blue,6,0.5,1,5,5,1,5,TRUE,-2,5,8,19,4855,23283,1621883649179,1621883672462,-1,-1,-1
visitor-c74ch,blue,red,trial,9,liar,blue,6,0.5,6,0,0,6,0,FALSE,6,0,8,19,5364,22125,1621883673511,1621883695636,-1,-1,-1
visitor-c74ch,blue,red,trial,10,liar,blue,6,0.5,0,0,0,6,0,FALSE,0,0,8,19,10135,10137,1621883696688,1621883706825,blue,"['FALSE', 'FALSE', 'TRUE', 'FALSE', 'TRUE', 'FALSE', 'TRUE']","['red', 'red', 'blue', 'red', 'blue', 'red', 'blue']"
visitor-c74ch,blue,red,trial,11,liar,blue,6,0.5,3,3,3,3,3,FALSE,3,3,8,19,5366,22332,1621883707880,1621883730212,-1,-1,-1
visitor-c74ch,blue,red,trial,12,liar,blue,6,0.5,0,6,6,0,6,FALSE,0,6,8,19,3632,20818,1621883731260,1621883752078,-1,-1,-1
visitor-c74ch,blue,red,trial,13,detector,red,6,0.5,3,3,3,3,3,FALSE,3,3,12,39,12318,20781,1621883770434,1621883791215,-1,-1,-1
visitor-c74ch,blue,red,trial,14,detector,red,6,0.5,3,3,1,1,5,FALSE,1,5,12,39,13244,21851,1621883792259,1621883814110,-1,-1,-1
visitor-c74ch,blue,red,trial,15,detector,red,6,0.5,0,0,1,1,5,FALSE,0,0,12,39,8178,8181,1621883815165,1621883823346,blue,"['FALSE', 'TRUE', 'TRUE', 'TRUE', 'FALSE', 'FALSE', 'FALSE']","['red', 'blue', 'blue', 'blue', 'red', 'red', 'red']"
visitor-c74ch,blue,red,trial,16,detector,red,6,0.5,2,4,2,2,4,FALSE,2,4,12,39,13001,21589,1621883824394,1621883845983,-1,-1,-1
visitor-c74ch,blue,red,trial,17,detector,red,6,0.5,5,1,5,5,1,TRUE,5,-2,12,39,14605,23121,1621883847037,1621883870158,-1,-1,-1
visitor-c74ch,blue,red,trial,18,detector,red,6,0.5,4,2,4,4,2,FALSE,4,2,12,39,4977,13566,1621883871210,1621883884776,-1,-1,-1
visitor-c74ch,blue,red,trial,19,detector,red,6,0.5,3,3,0,0,6,FALSE,0,6,27,51,4068,12698,1621883888306,1621883901004,-1,-1,-1
visitor-c74ch,blue,red,trial,20,detector,red,6,0.5,5,1,5,5,1,TRUE,5,-2,27,51,8400,16808,1621883902054,1621883918862,-1,-1,-1
visitor-c74ch,blue,red,trial,21,detector,red,6,0.5,4,2,6,6,0,TRUE,0,6,27,51,3514,11927,1621883919905,1621883931832,-1,-1,-1
visitor-c74ch,blue,red,trial,22,detector,red,6,0.5,3,3,3,3,3,FALSE,3,3,27,51,8604,17046,1621883932882,1621883949928,-1,-1,-1
visitor-c74ch,blue,red,trial,23,detector,red,6,0.5,1,5,4,4,2,FALSE,4,2,27,51,3048,11533,1621883950973,1621883962506,-1,-1,-1
visitor-c74ch,blue,red,trial,24,detector,red,6,0.5,0,0,4,4,2,FALSE,0,0,27,51,11039,11042,1621883963557,1621883974599,red,"['TRUE', 'FALSE', 'TRUE', 'FALSE', 'FALSE', 'TRUE', 'TRUE']","['red', 'blue', 'red', 'blue', 'blue', 'red', 'red']"
visitor-vtrcy,red,blue,trial,1,liar,red,6,0.5,6,0,6,6,0,TRUE,6,-3,0,0,16272,32243,1621631664444,1621631696687,-1,-1,-1
visitor-vtrcy,red,blue,trial,2,liar,red,6,0.5,4,2,1,1,5,FALSE,1,5,0,0,20212,36970,1621631697707,1621631734677,-1,-1,-1
visitor-vtrcy,red,blue,trial,3,liar,red,6,0.5,4,2,4,4,2,TRUE,4,-1,0,0,6456,23330,1621631735693,1621631759023,-1,-1,-1
visitor-vtrcy,red,blue,trial,4,liar,red,6,0.5,0,0,4,4,2,TRUE,0,0,0,0,9503,9505,1621631760030,1621631769535,red,"['TRUE', 'FALSE', 'TRUE', 'FALSE', 'TRUE', 'TRUE', 'FALSE']","['red', 'blue', 'red', 'blue', 'red', 'red', 'blue']"
visitor-vtrcy,red,blue,trial,5,liar,red,6,0.5,2,4,5,5,1,FALSE,5,1,0,0,4140,20102,1621631770539,1621631790641,-1,-1,-1
visitor-vtrcy,red,blue,trial,6,liar,red,6,0.5,1,5,1,1,5,FALSE,1,5,0,0,7267,23034,1621631791663,1621631814697,-1,-1,-1
visitor-vtrcy,red,blue,trial,7,liar,red,6,0.5,2,4,4,4,2,TRUE,0,6,17,7,4521,22721,1621631818207,1621631840928,-1,-1,-1
visitor-vtrcy,red,blue,trial,8,liar,red,6,0.5,0,6,0,0,6,TRUE,0,3,17,7,3806,22181,1621631841951,1621631864132,-1,-1,-1
visitor-vtrcy,red,blue,trial,9,liar,red,6,0.5,4,2,6,6,0,FALSE,6,0,17,7,8181,26278,1621631865138,1621631891416,-1,-1,-1
visitor-vtrcy,red,blue,trial,10,liar,red,6,0.5,0,0,6,6,0,FALSE,0,0,17,7,5967,5967,1621631892423,1621631898390,blue,"['FALSE', 'FALSE', 'FALSE', 'TRUE', 'TRUE', 'TRUE', 'FALSE']","['red', 'red', 'red', 'blue', 'blue', 'blue', 'red']"
visitor-vtrcy,red,blue,trial,11,liar,red,6,0.5,3,3,0,0,6,FALSE,0,6,17,7,5664,21594,1621631899399,1621631920994,-1,-1,-1
visitor-vtrcy,red,blue,trial,12,liar,red,6,0.5,5,1,5,5,1,FALSE,5,1,17,7,2889,18707,1621631922007,1621631940715,-1,-1,-1
visitor-vtrcy,red,blue,trial,13,detector,blue,6,0.5,5,1,2,4,2,FALSE,4,2,28,23,20602,29114,1621631963186,1621631992300,-1,-1,-1
visitor-vtrcy,red,blue,trial,14,detector,blue,6,0.5,0,0,2,4,2,FALSE,0,0,28,23,6176,6176,1621631993304,1621631999480,blue,"['FALSE', 'FALSE', 'FALSE', 'TRUE', 'TRUE', 'FALSE', 'TRUE']","['red', 'red', 'red', 'blue', 'blue', 'red', 'blue']"
visitor-vtrcy,red,blue,trial,15,detector,blue,6,0.5,3,3,5,1,5,FALSE,1,5,28,23,8908,17368,1621632000496,1621632017865,-1,-1,-1
visitor-vtrcy,red,blue,trial,16,detector,blue,6,0.5,5,1,5,1,5,TRUE,6,0,28,23,4660,13136,1621632018871,1621632032007,-1,-1,-1
visitor-vtrcy,red,blue,trial,17,detector,blue,6,0.5,4,2,2,4,2,TRUE,1,2,28,23,5823,14344,1621632033012,1621632047356,-1,-1,-1
visitor-vtrcy,red,blue,trial,18,detector,blue,6,0.5,4,2,4,2,4,FALSE,2,4,28,23,14107,22606,1621632048359,1621632070966,-1,-1,-1
visitor-vtrcy,red,blue,trial,19,detector,blue,6,0.5,0,0,4,2,4,FALSE,0,0,42,36,6353,6353,1621632074494,1621632080847,red,"['TRUE', 'FALSE', 'TRUE', 'TRUE', 'TRUE', 'FALSE', 'FALSE']","['red', 'blue', 'red', 'red', 'red', 'blue', 'blue']"
visitor-vtrcy,red,blue,trial,20,detector,blue,6,0.5,3,3,1,5,1,TRUE,6,0,42,36,27292,35720,1621632081852,1621632117572,-1,-1,-1
visitor-vtrcy,red,blue,trial,21,detector,blue,6,0.5,3,3,6,0,6,TRUE,6,0,42,36,22063,30481,1621632118584,1621632149065,-1,-1,-1
visitor-vtrcy,red,blue,trial,22,detector,blue,6,0.5,1,5,5,1,5,FALSE,1,5,42,36,2466,11168,1621632150080,1621632161249,-1,-1,-1
visitor-vtrcy,red,blue,trial,23,detector,blue,6,0.5,3,3,0,6,0,FALSE,6,0,42,36,13786,22401,1621632162262,1621632184663,-1,-1,-1
visitor-vtrcy,red,blue,trial,24,detector,blue,6,0.5,1,5,5,1,5,FALSE,1,5,42,36,5218,13713,1621632185680,1621632199396,-1,-1,-1
visitor-f0efa,blue,red,trial,1,detector,red,6,0.5,3,3,5,5,1,FALSE,5,1,0,0,13662,22206,1634329427161,1634329449367,-1,-1,-1
visitor-f0efa,blue,red,trial,2,detector,red,6,0.5,0,0,5,5,1,FALSE,0,0,0,0,19483,19492,1634329453822,1634329473314,red,"['TRUE', 'TRUE', 'TRUE', 'TRUE', 'TRUE', 'TRUE', 'TRUE']","['blue', 'blue', 'red', 'red', 'blue', 'red', 'red']"
visitor-f0efa,blue,red,trial,3,detector,red,6,0.5,3,3,4,4,2,TRUE,0,6,0,0,2459,11207,1634329478118,1634329489326,-1,-1,-1
visitor-f0efa,blue,red,trial,4,detector,red,6,0.5,3,3,0,0,6,TRUE,0,6,0,0,16999,25809,1634329494644,1634329520453,-1,-1,-1
visitor-f0efa,blue,red,trial,5,detector,red,6,0.5,3,3,3,3,3,FALSE,3,3,0,0,4738,13762,1634329525525,1634329539287,-1,-1,-1
visitor-f0efa,blue,red,trial,6,detector,red,6,0.5,3,3,5,5,1,TRUE,0,6,0,0,3639,12529,1634329544474,1634329557003,-1,-1,-1
visitor-f0efa,blue,red,trial,7,detector,red,6,0.5,0,0,5,5,1,TRUE,0,0,8,22,17934,17942,1634329562334,1634329580276,blue,"['TRUE', 'TRUE', 'TRUE', 'TRUE', 'TRUE', 'TRUE', 'TRUE']","['blue', 'red', 'red', 'red', 'blue', 'blue', 'red']"
visitor-f0efa,blue,red,trial,8,detector,red,6,0.5,3,3,5,5,1,TRUE,0,6,8,22,19085,27669,1634329585749,1634329613418,-1,-1,-1
visitor-f0efa,blue,red,trial,9,detector,red,6,0.5,2,4,2,2,4,FALSE,2,4,8,22,2526,11557,1634329619707,1634329631264,-1,-1,-1
visitor-f0efa,blue,red,trial,10,detector,red,6,0.5,4,2,4,4,2,FALSE,4,2,8,22,2305,11239,1634329636396,1634329647635,-1,-1,-1
visitor-f0efa,blue,red,trial,11,detector,red,6,0.5,2,4,6,6,0,TRUE,0,6,8,22,13162,22112,1634329652387,1634329674499,-1,-1,-1
visitor-f0efa,blue,red,trial,12,detector,red,6,0.5,3,3,1,1,5,FALSE,1,5,8,22,12149,20788,1634329679911,1634329700699,-1,-1,-1
visitor-f0efa,blue,red,trial,13,liar,blue,6,0.5,0,0,1,1,5,FALSE,0,0,15,45,8141,8269,1634329727494,1634329735763,red,"['TRUE', 'TRUE', 'TRUE', 'TRUE', 'TRUE', 'TRUE', 'TRUE']","['blue', 'red', 'red', 'blue', 'red', 'red', 'blue']"
visitor-f0efa,blue,red,trial,14,liar,blue,6,0.5,4,2,2,4,2,FALSE,4,2,15,45,12328,29399,1634329741550,1634329770949,-1,-1,-1
visitor-f0efa,blue,red,trial,15,liar,blue,6,0.5,6,0,0,6,0,FALSE,6,0,15,45,3515,21077,1634329777650,1634329798728,-1,-1,-1
visitor-f0efa,blue,red,trial,16,liar,blue,6,0.5,4,2,5,1,5,TRUE,6,0,15,45,13113,30280,1634329805681,1634329835961,-1,-1,-1
visitor-f0efa,blue,red,trial,17,liar,blue,6,0.5,6,0,3,3,3,FALSE,3,3,15,45,13157,31503,1634329843099,1634329874602,-1,-1,-1
visitor-f0efa,blue,red,trial,18,liar,blue,6,0.5,4,2,3,3,3,TRUE,6,0,15,45,15772,32809,1634329880894,1634329913703,-1,-1,-1
visitor-f0efa,blue,red,trial,19,liar,blue,6,0.5,1,5,5,1,5,TRUE,-2,5,40,50,3289,20684,1634329922197,1634329942881,-1,-1,-1
visitor-f0efa,blue,red,trial,20,liar,blue,6,0.5,5,1,4,2,4,FALSE,2,4,40,50,14759,33553,1634329948369,1634329981922,-1,-1,-1
visitor-f0efa,blue,red,trial,21,liar,blue,6,0.5,3,3,3,3,3,FALSE,3,3,40,50,7011,25532,1634329987836,1634330013368,-1,-1,-1
visitor-f0efa,blue,red,trial,22,liar,blue,6,0.5,0,0,3,3,3,FALSE,0,0,40,50,6700,6868,1634330019143,1634330026011,blue,"['FALSE', 'TRUE', 'TRUE', 'TRUE', 'TRUE', 'TRUE', 'TRUE']","['red', 'red', 'blue', 'blue', 'blue', 'red', 'red']"
visitor-f0efa,blue,red,trial,23,liar,blue,6,0.5,0,6,6,0,6,TRUE,-3,6,40,50,1969,18340,1634330032516,1634330050856,-1,-1,-1
visitor-f0efa,blue,red,trial,24,liar,blue,6,0.5,3,3,2,4,2,FALSE,4,2,40,50,2516,19573,1634330056678,1634330076251,-1,-1,-1
visitor-ylghs,red,blue,trial,1,detector,blue,6,0.5,0,0,6,0,6,TRUE,0,0,0,0,53489,53491,1630621041446,1630621094937,blue,"['TRUE', 'TRUE', 'TRUE', 'FALSE', 'FALSE', 'FALSE', 'FALSE']","['blue', 'blue', 'blue', 'red', 'red', 'red', 'red']"
visitor-ylghs,red,blue,trial,2,detector,blue,6,0.5,3,3,3,3,3,FALSE,3,3,0,0,39689,48295,1630621095940,1630621144235,-1,-1,-1
visitor-ylghs,red,blue,trial,3,detector,blue,6,0.5,4,2,1,5,1,TRUE,6,0,0,0,22338,30750,1630621145238,1630621175989,-1,-1,-1
visitor-ylghs,red,blue,trial,4,detector,blue,6,0.5,4,2,6,0,6,TRUE,6,0,0,0,31019,39531,1630621176992,1630621216523,-1,-1,-1
visitor-ylghs,red,blue,trial,5,detector,blue,6,0.5,5,1,4,2,4,FALSE,2,4,0,0,20841,29548,1630621217526,1630621247075,-1,-1,-1
visitor-ylghs,red,blue,trial,6,detector,blue,6,0.5,3,3,3,3,3,TRUE,0,3,0,0,22537,30983,1630621248078,1630621279061,-1,-1,-1
visitor-ylghs,red,blue,trial,7,detector,blue,6,0.5,2,4,5,1,5,FALSE,1,5,17,10,17190,25557,1630621282569,1630621308127,-1,-1,-1
visitor-ylghs,red,blue,trial,8,detector,blue,6,0.5,3,3,3,3,3,TRUE,0,3,17,10,9924,18310,1630621309130,1630621327440,-1,-1,-1
visitor-ylghs,red,blue,trial,9,detector,blue,6,0.5,2,4,4,2,4,FALSE,2,4,17,10,6846,15340,1630621328442,1630621343782,-1,-1,-1
visitor-ylghs,red,blue,trial,10,detector,blue,6,0.5,0,0,4,2,4,FALSE,0,0,17,10,42511,42513,1630621344788,1630621387301,red,"['FALSE', 'FALSE', 'TRUE', 'FALSE', 'TRUE', 'TRUE', 'TRUE']","['blue', 'blue', 'red', 'blue', 'red', 'red', 'red']"
visitor-ylghs,red,blue,trial,11,detector,blue,6,0.5,3,3,0,6,0,TRUE,6,0,17,10,36897,45627,1630621388302,1630621433930,-1,-1,-1
visitor-ylghs,red,blue,trial,12,detector,blue,6,0.5,5,1,2,4,2,FALSE,4,2,17,10,22726,31394,1630621434933,1630621466328,-1,-1,-1
visitor-ylghs,red,blue,trial,13,liar,red,6,0.5,6,0,6,6,0,TRUE,6,-3,30,24,92890,131502,1630621486976,1630621618478,-1,-1,-1
visitor-ylghs,red,blue,trial,14,liar,red,6,0.5,5,1,5,5,1,TRUE,5,-2,30,24,25488,48730,1630621619483,1630621668213,-1,-1,-1
visitor-ylghs,red,blue,trial,15,liar,red,6,0.5,4,2,4,4,2,FALSE,4,2,30,24,20409,41653,1630621669219,1630621710872,-1,-1,-1
visitor-ylghs,red,blue,trial,16,liar,red,6,0.5,5,1,5,5,1,TRUE,5,-2,30,24,43057,82866,1630621711879,1630621794745,-1,-1,-1
visitor-ylghs,red,blue,trial,17,liar,red,6,0.5,0,6,0,0,6,TRUE,0,3,30,24,16079,36294,1630621795749,1630621832043,-1,-1,-1
visitor-ylghs,red,blue,trial,18,liar,red,6,0.5,0,0,0,0,6,TRUE,0,0,30,24,26404,26406,1630621833048,1630621859454,red,"['FALSE', 'TRUE', 'TRUE', 'TRUE', 'FALSE', 'FALSE', 'TRUE']","['blue', 'red', 'red', 'red', 'blue', 'blue', 'red']"
visitor-ylghs,red,blue,trial,19,liar,red,6,0.5,1,5,1,1,5,FALSE,1,5,50,22,35804,57088,1630621862963,1630621920052,-1,-1,-1
visitor-ylghs,red,blue,trial,20,liar,red,6,0.5,4,2,4,4,2,TRUE,4,-1,50,22,11460,44761,1630621921059,1630621965820,-1,-1,-1
visitor-ylghs,red,blue,trial,21,liar,red,6,0.5,0,0,4,4,2,TRUE,0,0,50,22,17099,17101,1630621966826,1630621983927,blue,"['FALSE', 'TRUE', 'FALSE', 'FALSE', 'TRUE', 'TRUE', 'FALSE']","['red', 'blue', 'red', 'red', 'blue', 'blue', 'red']"
visitor-ylghs,red,blue,trial,22,liar,red,6,0.5,4,2,4,4,2,TRUE,4,-1,50,22,25040,43850,1630621984931,1630622028781,-1,-1,-1
visitor-ylghs,red,blue,trial,23,liar,red,6,0.5,3,3,3,3,3,FALSE,3,3,50,22,4837,24982,1630622029786,1630622054769,-1,-1,-1
visitor-ylghs,red,blue,trial,24,liar,red,6,0.5,3,3,3,3,3,FALSE,3,3,50,22,20583,69011,1630622055773,1630622124784,-1,-1,-1
visitor-oc9im,blue,red,trial,1,detector,red,6,0.5,2,4,2,2,4,FALSE,2,4,0,0,10179,18937,1634764503665,1634764522602,-1,-1,-1
visitor-oc9im,blue,red,trial,2,detector,red,6,0.5,2,4,6,6,0,TRUE,0,6,0,0,9746,18138,1634764525789,1634764543927,-1,-1,-1
visitor-oc9im,blue,red,trial,3,detector,red,6,0.5,3,3,0,0,6,FALSE,0,6,0,0,12701,21072,1634764546931,1634764568003,-1,-1,-1
visitor-oc9im,blue,red,trial,4,detector,red,6,0.5,2,4,3,3,3,FALSE,3,3,0,0,14548,23194,1634764570316,1634764593510,-1,-1,-1
visitor-oc9im,blue,red,trial,5,detector,red,6,0.5,3,3,3,3,3,FALSE,3,3,0,0,15477,23900,1634764596743,1634764620643,-1,-1,-1
visitor-oc9im,blue,red,trial,6,detector,red,6,0.5,0,0,3,3,3,FALSE,0,0,0,0,9630,9631,1634764623105,1634764632736,blue,"['FALSE', 'FALSE', 'TRUE', 'FALSE', 'TRUE', 'TRUE', 'FALSE']","['red', 'red', 'blue', 'red', 'blue', 'blue', 'red']"
visitor-oc9im,blue,red,trial,7,detector,red,6,0.5,3,3,3,3,3,FALSE,3,3,8,22,12461,21141,1634764641388,1634764662529,-1,-1,-1
visitor-oc9im,blue,red,trial,8,detector,red,6,0.5,4,2,1,1,5,TRUE,0,6,8,22,12642,21169,1634764664732,1634764685901,-1,-1,-1
visitor-oc9im,blue,red,trial,9,detector,red,6,0.5,5,1,5,5,1,FALSE,5,1,8,22,18763,27306,1634764689191,1634764716497,-1,-1,-1
visitor-oc9im,blue,red,trial,10,detector,red,6,0.5,0,0,5,5,1,FALSE,0,0,8,22,14300,14301,1634764719010,1634764733311,red,"['FALSE', 'FALSE', 'TRUE', 'TRUE', 'FALSE', 'TRUE', 'TRUE']","['blue', 'blue', 'red', 'red', 'blue', 'red', 'red']"
visitor-oc9im,blue,red,trial,11,detector,red,6,0.5,3,3,4,4,2,FALSE,4,2,8,22,9678,18318,1634764738077,1634764756395,-1,-1,-1
visitor-oc9im,blue,red,trial,12,detector,red,6,0.5,3,3,5,5,1,TRUE,0,6,8,22,9735,18284,1634764759618,1634764777902,-1,-1,-1
visitor-oc9im,blue,red,trial,13,liar,blue,6,0.5,2,4,4,2,4,TRUE,-1,4,20,40,16035,32411,1634764800127,1634764832538,-1,-1,-1
visitor-oc9im,blue,red,trial,14,liar,blue,6,0.5,6,0,3,3,3,TRUE,6,0,20,40,8967,25017,1634764837542,1634764862559,-1,-1,-1
visitor-oc9im,blue,red,trial,15,liar,blue,6,0.5,1,5,5,1,5,TRUE,-2,5,20,40,4338,20753,1634764869694,1634764890447,-1,-1,-1
visitor-oc9im,blue,red,trial,16,liar,blue,6,0.5,0,0,5,1,5,TRUE,0,0,20,40,10202,10203,1634764894085,1634764904288,red,"['TRUE', 'TRUE', 'FALSE', 'FALSE', 'TRUE', 'FALSE', 'TRUE']","['red', 'red', 'blue', 'blue', 'red', 'blue', 'red']"
visitor-oc9im,blue,red,trial,17,liar,blue,6,0.5,0,6,6,0,6,TRUE,-3,6,20,40,6072,22551,1634764909405,1634764931956,-1,-1,-1
visitor-oc9im,blue,red,trial,18,liar,blue,6,0.5,5,1,1,5,1,TRUE,2,1,20,40,8951,25459,1634764935857,1634764961316,-1,-1,-1
visitor-oc9im,blue,red,trial,19,liar,blue,6,0.5,3,3,3,3,3,FALSE,3,3,22,56,3291,19656,1634764968760,1634764988416,-1,-1,-1
visitor-oc9im,blue,red,trial,20,liar,blue,6,0.5,2,4,4,2,4,FALSE,2,4,22,56,4716,20486,1634764991783,1634765012269,-1,-1,-1
visitor-oc9im,blue,red,trial,21,liar,blue,6,0.5,2,4,4,2,4,FALSE,2,4,22,56,3468,19025,1634765016512,1634765035537,-1,-1,-1
visitor-oc9im,blue,red,trial,22,liar,blue,6,0.5,0,0,4,2,4,FALSE,0,0,22,56,7461,7461,1634765039018,1634765046479,blue,"['TRUE', 'TRUE', 'TRUE', 'FALSE', 'FALSE', 'FALSE', 'FALSE']","['blue', 'blue', 'blue', 'red', 'red', 'red', 'red']"
visitor-oc9im,blue,red,trial,23,liar,blue,6,0.5,2,4,2,4,2,TRUE,6,0,22,56,13177,29216,1634765050998,1634765080214,-1,-1,-1
visitor-oc9im,blue,red,trial,24,liar,blue,6,0.5,3,3,3,3,3,FALSE,3,3,22,56,2997,19220,1634765084028,1634765103248,-1,-1,-1
visitor-m3eoq,blue,red,trial,1,detector,red,6,0.5,4,2,0,0,6,TRUE,0,6,0,0,19339,27716,1622507157140,1622507184856,-1,-1,-1
visitor-m3eoq,blue,red,trial,2,detector,red,6,0.5,1,5,5,5,1,TRUE,0,6,0,0,18677,27219,1622507185861,1622507213081,-1,-1,-1
visitor-m3eoq,blue,red,trial,3,detector,red,6,0.5,0,0,5,5,1,TRUE,0,0,0,0,7472,7472,1622507214085,1622507221557,blue,"['FALSE', 'TRUE', 'FALSE', 'FALSE', 'TRUE', 'FALSE', 'TRUE']","['red', 'blue', 'red', 'red', 'blue', 'red', 'blue']"
visitor-m3eoq,blue,red,trial,4,detector,red,6,0.5,4,2,4,4,2,FALSE,4,2,0,0,13060,21622,1622507222560,1622507244182,-1,-1,-1
visitor-m3eoq,blue,red,trial,5,detector,red,6,0.5,4,2,5,5,1,FALSE,5,1,0,0,10744,19361,1622507245187,1622507264549,-1,-1,-1
visitor-m3eoq,blue,red,trial,6,detector,red,6,0.5,3,3,3,3,3,FALSE,3,3,0,0,12442,21103,1622507265552,1622507286655,-1,-1,-1
visitor-m3eoq,blue,red,trial,7,detector,red,6,0.5,3,3,6,6,0,FALSE,6,0,12,18,11163,19728,1622507290164,1622507309893,-1,-1,-1
visitor-m3eoq,blue,red,trial,8,detector,red,6,0.5,3,3,1,1,5,TRUE,0,6,12,18,16892,25331,1622507310896,1622507336227,-1,-1,-1
visitor-m3eoq,blue,red,trial,9,detector,red,6,0.5,2,4,2,2,4,TRUE,2,1,12,18,13175,21647,1622507337231,1622507358878,-1,-1,-1
visitor-m3eoq,blue,red,trial,10,detector,red,6,0.5,4,2,4,4,2,FALSE,4,2,12,18,10601,19112,1622507359880,1622507378992,-1,-1,-1
visitor-m3eoq,blue,red,trial,11,detector,red,6,0.5,0,0,4,4,2,FALSE,0,0,12,18,9701,9702,1622507379995,1622507389697,red,"['TRUE', 'TRUE', 'FALSE', 'TRUE', 'FALSE', 'TRUE', 'FALSE']","['red', 'red', 'blue', 'red', 'blue', 'red', 'blue']"
visitor-m3eoq,blue,red,trial,12,detector,red,6,0.5,5,1,5,5,1,FALSE,5,1,12,18,11334,19790,1622507390699,1622507410489,-1,-1,-1
visitor-m3eoq,blue,red,trial,13,liar,blue,6,0.5,0,0,5,5,1,FALSE,0,0,29,28,7212,7212,1622507427346,1622507434558,red,"['TRUE', 'TRUE', 'FALSE', 'TRUE', 'FALSE', 'TRUE', 'FALSE']","['red', 'red', 'blue', 'red', 'blue', 'red', 'blue']"
visitor-m3eoq,blue,red,trial,14,liar,blue,6,0.5,1,5,2,4,2,FALSE,4,2,29,28,7107,26575,1622507435563,1622507462138,-1,-1,-1
visitor-m3eoq,blue,red,trial,15,liar,blue,6,0.5,4,2,2,4,2,FALSE,4,2,29,28,8258,24018,1622507463144,1622507487162,-1,-1,-1
visitor-m3eoq,blue,red,trial,16,liar,blue,6,0.5,3,3,0,6,0,FALSE,6,0,29,28,4514,19783,1622507488167,1622507507951,-1,-1,-1
visitor-m3eoq,blue,red,trial,17,liar,blue,6,0.5,1,5,1,5,1,FALSE,5,1,29,28,4974,21471,1622507508957,1622507530428,-1,-1,-1
visitor-m3eoq,blue,red,trial,18,liar,blue,6,0.5,5,1,5,1,5,FALSE,1,5,29,28,10177,26259,1622507531435,1622507557700,-1,-1,-1
visitor-m3eoq,blue,red,trial,19,liar,blue,6,0.5,1,5,3,3,3,FALSE,3,3,49,38,9392,26671,1622507561266,1622507587938,-1,-1,-1
visitor-m3eoq,blue,red,trial,20,liar,blue,6,0.5,5,1,2,4,2,FALSE,4,2,49,38,4619,20322,1622507588947,1622507609269,-1,-1,-1
visitor-m3eoq,blue,red,trial,21,liar,blue,6,0.5,0,6,6,0,6,TRUE,-3,6,49,38,5286,21329,1622507610275,1622507631605,-1,-1,-1
visitor-m3eoq,blue,red,trial,22,liar,blue,6,0.5,2,4,2,4,2,TRUE,6,0,49,38,4646,21443,1622507632609,1622507654053,-1,-1,-1
visitor-m3eoq,blue,red,trial,23,liar,blue,6,0.5,6,0,3,3,3,TRUE,6,0,49,38,5582,21695,1622507655057,1622507676753,-1,-1,-1
visitor-m3eoq,blue,red,trial,24,liar,blue,6,0.5,0,0,3,3,3,TRUE,0,0,49,38,4854,4854,1622507677757,1622507682612,blue,"['FALSE', 'TRUE', 'FALSE', 'FALSE', 'FALSE', 'TRUE', 'TRUE']","['red', 'blue', 'red', 'red', 'red', 'blue', 'blue']"
visitor-0msrq,red,blue,trial,1,detector,blue,6,0.5,3,3,1,5,1,TRUE,6,0,0,0,16610,25103,1622826891230,1622826916333,-1,-1,-1
visitor-0msrq,red,blue,trial,2,detector,blue,6,0.5,0,0,1,5,1,TRUE,0,0,0,0,11675,11675,1622826917338,1622826929013,blue,"['TRUE', 'FALSE', 'TRUE', 'FALSE', 'TRUE', 'FALSE', 'FALSE']","['blue', 'red', 'blue', 'red', 'blue', 'red', 'red']"
visitor-0msrq,red,blue,trial,3,detector,blue,6,0.5,2,4,4,2,4,FALSE,2,4,0,0,14275,22959,1622826930017,1622826952976,-1,-1,-1
visitor-0msrq,red,blue,trial,4,detector,blue,6,0.5,3,3,3,3,3,TRUE,0,3,0,0,5855,14324,1622826953978,1622826968302,-1,-1,-1
visitor-0msrq,red,blue,trial,5,detector,blue,6,0.5,2,4,4,2,4,TRUE,-1,4,0,0,2442,11141,1622826969305,1622826980447,-1,-1,-1
visitor-0msrq,red,blue,trial,6,detector,blue,6,0.5,4,2,3,3,3,FALSE,3,3,0,0,18237,26598,1622826981449,1622827008047,-1,-1,-1
visitor-0msrq,red,blue,trial,7,detector,blue,6,0.5,2,4,4,2,4,TRUE,-1,4,10,14,13323,21685,1622827011553,1622827033238,-1,-1,-1
visitor-0msrq,red,blue,trial,8,detector,blue,6,0.5,3,3,5,1,5,TRUE,6,0,10,14,14020,22628,1622827034240,1622827056868,-1,-1,-1
visitor-0msrq,red,blue,trial,9,detector,blue,6,0.5,3,3,0,6,0,FALSE,6,0,10,14,8495,16870,1622827057872,1622827074742,-1,-1,-1
visitor-0msrq,red,blue,trial,10,detector,blue,6,0.5,0,0,0,6,0,FALSE,0,0,10,14,10302,10302,1622827075745,1622827086047,red,"['TRUE', 'TRUE', 'FALSE', 'FALSE', 'TRUE', 'FALSE', 'TRUE']","['red', 'red', 'blue', 'blue', 'red', 'blue', 'red']"
visitor-0msrq,red,blue,trial,11,detector,blue,6,0.5,2,4,6,0,6,FALSE,0,6,10,14,6563,15034,1622827087049,1622827102084,-1,-1,-1
visitor-0msrq,red,blue,trial,12,detector,blue,6,0.5,2,4,4,2,4,TRUE,-1,4,10,14,12181,20744,1622827103086,1622827123830,-1,-1,-1
visitor-0msrq,red,blue,trial,13,liar,red,6,0.5,4,2,4,4,2,TRUE,4,-1,20,28,9287,25021,1622827145032,1622827170053,-1,-1,-1
visitor-0msrq,red,blue,trial,14,liar,red,6,0.5,2,4,0,0,6,FALSE,0,6,20,28,5918,22872,1622827171058,1622827193931,-1,-1,-1
visitor-0msrq,red,blue,trial,15,liar,red,6,0.5,0,0,0,0,6,FALSE,0,0,20,28,7136,7136,1622827194938,1622827202074,blue,"['FALSE', 'FALSE', 'TRUE', 'FALSE', 'FALSE', 'TRUE', 'TRUE']","['red', 'red', 'blue', 'red', 'red', 'blue', 'blue']"
visitor-0msrq,red,blue,trial,16,liar,red,6,0.5,2,4,6,6,0,FALSE,6,0,20,28,7687,28417,1622827203078,1622827231495,-1,-1,-1
visitor-0msrq,red,blue,trial,17,liar,red,6,0.5,4,2,3,3,3,FALSE,3,3,20,28,2446,17879,1622827232498,1622827250377,-1,-1,-1
visitor-0msrq,red,blue,trial,18,liar,red,6,0.5,6,0,6,6,0,TRUE,6,-3,20,28,3201,19672,1622827251381,1622827271053,-1,-1,-1
visitor-0msrq,red,blue,trial,19,liar,red,6,0.5,1,5,1,1,5,FALSE,1,5,39,33,2968,18454,1622827274562,1622827293017,-1,-1,-1
visitor-0msrq,red,blue,trial,20,liar,red,6,0.5,5,1,0,0,6,FALSE,0,6,39,33,7956,23143,1622827294021,1622827317165,-1,-1,-1
visitor-0msrq,red,blue,trial,21,liar,red,6,0.5,5,1,3,3,3,TRUE,0,6,39,33,1538,17065,1622827318172,1622827335237,-1,-1,-1
visitor-0msrq,red,blue,trial,22,liar,red,6,0.5,4,2,6,6,0,TRUE,0,6,39,33,4900,21047,1622827336242,1622827357289,-1,-1,-1
visitor-0msrq,red,blue,trial,23,liar,red,6,0.5,0,0,6,6,0,TRUE,0,0,39,33,11391,11391,1622827358293,1622827369684,red,"['TRUE', 'TRUE', 'FALSE', 'FALSE', 'TRUE', 'FALSE', 'TRUE']","['red', 'red', 'blue', 'blue', 'red', 'blue', 'red']"
visitor-0msrq,red,blue,trial,24,liar,red,6,0.5,0,6,0,0,6,FALSE,0,6,39,33,1768,18288,1622827370686,1622827388974,-1,-1,-1
visitor-fcqe0,blue,red,trial,1,detector,red,6,0.5,1,5,2,2,4,TRUE,0,6,0,0,2070,10450,1634759052962,1634759063412,-1,-1,-1
visitor-fcqe0,blue,red,trial,2,detector,red,6,0.5,2,4,5,5,1,TRUE,0,6,0,0,8613,17077,1634759065315,1634759082392,-1,-1,-1
visitor-fcqe0,blue,red,trial,3,detector,red,6,0.5,4,2,4,4,2,FALSE,4,2,0,0,3282,11757,1634759084152,1634759095910,-1,-1,-1
visitor-fcqe0,blue,red,trial,4,detector,red,6,0.5,3,3,6,6,0,TRUE,0,6,0,0,2292,10968,1634759098475,1634759109443,-1,-1,-1
visitor-fcqe0,blue,red,trial,5,detector,red,6,0.5,0,0,6,6,0,TRUE,0,0,0,0,8977,8979,1634759110948,1634759119927,blue,"['FALSE', 'FALSE', 'TRUE', 'FALSE', 'TRUE', 'FALSE', 'TRUE']","['red', 'red', 'blue', 'red', 'blue', 'red', 'blue']"
visitor-fcqe0,blue,red,trial,6,detector,red,6,0.5,2,4,2,2,4,FALSE,2,4,0,0,9522,17890,1634759121766,1634759139656,-1,-1,-1
visitor-fcqe0,blue,red,trial,7,detector,red,6,0.5,1,5,3,3,3,FALSE,3,3,6,24,2930,11314,1634759143161,1634759154476,-1,-1,-1
visitor-fcqe0,blue,red,trial,8,detector,red,6,0.5,3,3,1,1,5,TRUE,0,6,6,24,2159,10871,1634759156586,1634759167457,-1,-1,-1
visitor-fcqe0,blue,red,trial,9,detector,red,6,0.5,4,2,0,0,6,TRUE,0,6,6,24,4207,12960,1634759169145,1634759182105,-1,-1,-1
visitor-fcqe0,blue,red,trial,10,detector,red,6,0.5,3,3,3,3,3,FALSE,3,3,6,24,2416,10837,1634759188928,1634759199765,-1,-1,-1
visitor-fcqe0,blue,red,trial,11,detector,red,6,0.5,5,1,5,5,1,FALSE,5,1,6,24,7870,16353,1634759201620,1634759217974,-1,-1,-1
visitor-fcqe0,blue,red,trial,12,detector,red,6,0.5,0,0,5,5,1,FALSE,0,0,6,24,3799,3800,1634759219645,1634759223445,red,"['FALSE', 'FALSE', 'TRUE', 'TRUE', 'TRUE', 'FALSE', 'FALSE']","['red', 'red', 'blue', 'blue', 'blue', 'red', 'red']"
visitor-fcqe0,blue,red,trial,13,liar,blue,6,0.5,4,2,0,6,0,FALSE,6,0,17,43,4073,19876,1634759243783,1634759263659,-1,-1,-1
visitor-fcqe0,blue,red,trial,14,liar,blue,6,0.5,3,3,2,4,2,FALSE,4,2,17,43,5097,20056,1634759267245,1634759287301,-1,-1,-1
visitor-fcqe0,blue,red,trial,15,liar,blue,6,0.5,0,6,6,0,6,TRUE,-3,6,17,43,2459,17547,1634759288939,1634759306486,-1,-1,-1
visitor-fcqe0,blue,red,trial,16,liar,blue,6,0.5,4,2,2,4,2,FALSE,4,2,17,43,3638,19082,1634759307578,1634759326660,-1,-1,-1
visitor-fcqe0,blue,red,trial,17,liar,blue,6,0.5,6,0,0,6,0,FALSE,6,0,17,43,9154,24482,1634759328719,1634759353202,-1,-1,-1
visitor-fcqe0,blue,red,trial,18,liar,blue,6,0.5,0,0,0,6,0,FALSE,0,0,17,43,3890,3892,1634759355194,1634759359086,blue,"['TRUE', 'TRUE', 'FALSE', 'TRUE', 'FALSE', 'FALSE', 'FALSE']","['blue', 'blue', 'red', 'blue', 'red', 'red', 'red']"
visitor-fcqe0,blue,red,trial,19,liar,blue,6,0.5,2,4,4,2,4,TRUE,-1,4,34,53,12059,29304,1634759362594,1634759391899,-1,-1,-1
visitor-fcqe0,blue,red,trial,20,liar,blue,6,0.5,3,3,6,0,6,TRUE,6,0,34,53,3779,18897,1634759395756,1634759414653,-1,-1,-1
visitor-fcqe0,blue,red,trial,21,liar,blue,6,0.5,0,0,6,0,6,TRUE,0,0,34,53,6802,6804,1634759419043,1634759425847,red,"['FALSE', 'FALSE', 'TRUE', 'TRUE', 'TRUE', 'FALSE', 'TRUE']","['blue', 'blue', 'red', 'red', 'red', 'blue', 'red']"
visitor-fcqe0,blue,red,trial,22,liar,blue,6,0.5,2,4,6,0,6,TRUE,6,0,34,53,3673,20132,1634759427747,1634759447879,-1,-1,-1
visitor-fcqe0,blue,red,trial,23,liar,blue,6,0.5,1,5,5,1,5,FALSE,1,5,34,53,2927,18437,1634759450615,1634759469052,-1,-1,-1
visitor-fcqe0,blue,red,trial,24,liar,blue,6,0.5,5,1,1,5,1,FALSE,5,1,34,53,3102,17695,1634759470459,1634759488154,-1,-1,-1
visitor-n186y,blue,red,trial,1,detector,red,6,0.5,2,4,3,3,3,TRUE,0,6,0,0,14600,23021,1619125981727,1619126004748,-1,-1,-1
visitor-n186y,blue,red,trial,2,detector,red,6,0.5,3,3,5,5,1,TRUE,0,6,0,0,11030,19723,1619126005752,1619126025475,-1,-1,-1
visitor-n186y,blue,red,trial,3,detector,red,6,0.5,2,4,2,2,4,TRUE,2,1,0,0,12641,21167,1619126026476,1619126047644,-1,-1,-1
visitor-n186y,blue,red,trial,4,detector,red,6,0.5,0,0,2,2,4,TRUE,0,0,0,0,8439,8440,1619126048660,1619126057100,blue,"['FALSE', 'FALSE', 'TRUE', 'TRUE', 'FALSE', 'TRUE', 'FALSE']","['red', 'red', 'blue', 'blue', 'red', 'blue', 'red']"
visitor-n186y,blue,red,trial,5,detector,red,6,0.5,6,0,6,6,0,FALSE,6,0,0,0,10259,18842,1619126058113,1619126076956,-1,-1,-1
visitor-n186y,blue,red,trial,6,detector,red,6,0.5,2,4,1,1,5,TRUE,0,6,0,0,11180,19571,1619126077969,1619126097540,-1,-1,-1
visitor-n186y,blue,red,trial,7,detector,red,6,0.5,5,1,0,0,6,TRUE,0,6,8,19,8083,16458,1619126101057,1619126117516,-1,-1,-1
visitor-n186y,blue,red,trial,8,detector,red,6,0.5,2,4,3,3,3,FALSE,3,3,8,19,10502,18983,1619126118532,1619126137516,-1,-1,-1
visitor-n186y,blue,red,trial,9,detector,red,6,0.5,2,4,3,3,3,FALSE,3,3,8,19,11076,19578,1619126138521,1619126158099,-1,-1,-1
visitor-n186y,blue,red,trial,10,detector,red,6,0.5,3,3,5,5,1,TRUE,0,6,8,19,8356,16969,1619126159114,1619126176083,-1,-1,-1
visitor-n186y,blue,red,trial,11,detector,red,6,0.5,2,4,6,6,0,TRUE,0,6,8,19,11259,19829,1619126177086,1619126196915,-1,-1,-1
visitor-n186y,blue,red,trial,12,detector,red,6,0.5,0,0,6,6,0,TRUE,0,0,8,19,7787,7787,1619126197919,1619126205706,red,"['TRUE', 'TRUE', 'TRUE', 'FALSE', 'TRUE', 'FALSE', 'FALSE']","['red', 'red', 'red', 'blue', 'red', 'blue', 'blue']"
visitor-n186y,blue,red,trial,13,liar,blue,6,0.5,2,4,2,4,2,FALSE,4,2,14,43,6104,22256,1619126222180,1619126244436,-1,-1,-1
visitor-n186y,blue,red,trial,14,liar,blue,6,0.5,1,5,5,1,5,FALSE,1,5,14,43,5168,23404,1619126245444,1619126268849,-1,-1,-1
visitor-n186y,blue,red,trial,15,liar,blue,6,0.5,4,2,3,3,3,TRUE,6,0,14,43,8587,25364,1619126269860,1619126295224,-1,-1,-1
visitor-n186y,blue,red,trial,16,liar,blue,6,0.5,5,1,1,5,1,FALSE,5,1,14,43,4256,20564,1619126296227,1619126316791,-1,-1,-1
visitor-n186y,blue,red,trial,17,liar,blue,6,0.5,0,6,6,0,6,FALSE,0,6,14,43,8819,25152,1619126317799,1619126342951,-1,-1,-1
visitor-n186y,blue,red,trial,18,liar,blue,6,0.5,0,0,6,0,6,FALSE,0,0,14,43,8288,8288,1619126343955,1619126352243,red,"['FALSE', 'TRUE', 'FALSE', 'TRUE', 'FALSE', 'TRUE', 'TRUE']","['blue', 'red', 'blue', 'red', 'blue', 'red', 'red']"
visitor-n186y,blue,red,trial,19,liar,blue,6,0.5,3,3,3,3,3,TRUE,0,3,30,57,4342,22736,1619126355755,1619126378492,-1,-1,-1
visitor-n186y,blue,red,trial,20,liar,blue,6,0.5,2,4,3,3,3,TRUE,6,0,30,57,5972,23148,1619126379506,1619126402655,-1,-1,-1
visitor-n186y,blue,red,trial,21,liar,blue,6,0.5,6,0,3,3,3,FALSE,3,3,30,57,13648,28698,1619126403658,1619126432356,-1,-1,-1
visitor-n186y,blue,red,trial,22,liar,blue,6,0.5,1,5,4,2,4,FALSE,2,4,30,57,4527,19367,1619126433369,1619126452736,-1,-1,-1
visitor-n186y,blue,red,trial,23,liar,blue,6,0.5,0,0,4,2,4,FALSE,0,0,30,57,5786,5786,1619126453746,1619126459532,blue,"['FALSE', 'FALSE', 'FALSE', 'TRUE', 'FALSE', 'TRUE', 'TRUE']","['red', 'red', 'red', 'blue', 'red', 'blue', 'blue']"
visitor-n186y,blue,red,trial,24,liar,blue,6,0.5,3,3,2,4,2,FALSE,4,2,30,57,3144,18063,1619126460538,1619126478601,-1,-1,-1
visitor-if5yc,blue,red,trial,1,detector,red,6,0.5,3,3,3,3,3,FALSE,3,3,0,0,29794,38276,1621884994026,1621885032302,-1,-1,-1
visitor-if5yc,blue,red,trial,2,detector,red,6,0.5,5,1,5,5,1,TRUE,5,-2,0,0,19314,27875,1621885033349,1621885061224,-1,-1,-1
visitor-if5yc,blue,red,trial,3,detector,red,6,0.5,6,0,5,5,1,TRUE,0,6,0,0,18489,26953,1621885062266,1621885089219,-1,-1,-1
visitor-if5yc,blue,red,trial,4,detector,red,6,0.5,0,0,5,5,1,TRUE,0,0,0,0,33228,33230,1621885090265,1621885123495,blue,"['FALSE', 'FALSE', 'FALSE', 'TRUE', 'FALSE', 'TRUE', 'TRUE']","['red', 'red', 'red', 'blue', 'red', 'blue', 'blue']"
visitor-if5yc,blue,red,trial,5,detector,red,6,0.5,3,3,4,4,2,FALSE,4,2,0,0,27677,36353,1621885124540,1621885160893,-1,-1,-1
visitor-if5yc,blue,red,trial,6,detector,red,6,0.5,2,4,0,0,6,TRUE,0,6,0,0,20193,28619,1621885161935,1621885190554,-1,-1,-1
visitor-if5yc,blue,red,trial,7,detector,red,6,0.5,4,2,4,4,2,FALSE,4,2,12,15,20097,28709,1621885194068,1621885222777,-1,-1,-1
visitor-if5yc,blue,red,trial,8,detector,red,6,0.5,3,3,4,4,2,FALSE,4,2,12,15,14315,22823,1621885223830,1621885246653,-1,-1,-1
visitor-if5yc,blue,red,trial,9,detector,red,6,0.5,4,2,6,6,0,TRUE,0,6,12,15,14047,22668,1621885247703,1621885270371,-1,-1,-1
visitor-if5yc,blue,red,trial,10,detector,red,6,0.5,0,0,6,6,0,TRUE,0,0,12,15,49660,49663,1621885271415,1621885321078,red,"['TRUE', 'TRUE', 'FALSE', 'FALSE', 'TRUE', 'TRUE', 'FALSE']","['red', 'red', 'blue', 'blue', 'red', 'red', 'blue']"
visitor-if5yc,blue,red,trial,11,detector,red,6,0.5,2,4,1,1,5,FALSE,1,5,12,15,14899,23587,1621885322128,1621885345715,-1,-1,-1
visitor-if5yc,blue,red,trial,12,detector,red,6,0.5,2,4,3,3,3,FALSE,3,3,12,15,14885,23377,1621885346767,1621885370144,-1,-1,-1
visitor-if5yc,blue,red,trial,13,liar,blue,6,0.5,3,3,3,3,3,TRUE,0,3,24,33,15799,35677,1621885388379,1621885424056,-1,-1,-1
visitor-if5yc,blue,red,trial,14,liar,blue,6,0.5,3,3,3,3,3,TRUE,0,3,24,33,25131,45783,1621885425107,1621885470890,-1,-1,-1
visitor-if5yc,blue,red,trial,15,liar,blue,6,0.5,5,1,1,5,1,FALSE,5,1,24,33,16699,36733,1621885471943,1621885508676,-1,-1,-1
visitor-if5yc,blue,red,trial,16,liar,blue,6,0.5,0,0,1,5,1,FALSE,0,0,24,33,37168,37171,1621885509726,1621885546897,blue,"['TRUE', 'FALSE', 'TRUE', 'FALSE', 'TRUE', 'FALSE', 'FALSE']","['blue', 'red', 'blue', 'red', 'blue', 'red', 'red']"
visitor-if5yc,blue,red,trial,17,liar,blue,6,0.5,3,3,3,3,3,FALSE,3,3,24,33,9547,27462,1621885547951,1621885575413,-1,-1,-1
visitor-if5yc,blue,red,trial,18,liar,blue,6,0.5,0,6,6,0,6,TRUE,-3,6,24,33,18086,36617,1621885576467,1621885613084,-1,-1,-1
visitor-if5yc,blue,red,trial,19,liar,blue,6,0.5,1,5,5,1,5,FALSE,1,5,29,49,8837,28365,1621885616601,1621885644966,-1,-1,-1
visitor-if5yc,blue,red,trial,20,liar,blue,6,0.5,6,0,0,6,0,FALSE,6,0,29,49,8956,27131,1621885646011,1621885673142,-1,-1,-1
visitor-if5yc,blue,red,trial,21,liar,blue,6,0.5,3,3,3,3,3,FALSE,3,3,29,49,13666,31600,1621885674192,1621885705792,-1,-1,-1
visitor-if5yc,blue,red,trial,22,liar,blue,6,0.5,4,2,2,4,2,FALSE,4,2,29,49,11265,30344,1621885706834,1621885737178,-1,-1,-1
visitor-if5yc,blue,red,trial,23,liar,blue,6,0.5,3,3,3,3,3,FALSE,3,3,29,49,7330,26999,1621885738227,1621885765226,-1,-1,-1
visitor-if5yc,blue,red,trial,24,liar,blue,6,0.5,0,0,3,3,3,FALSE,0,0,29,49,34425,34429,1621885766277,1621885800706,red,"['TRUE', 'FALSE', 'FALSE', 'TRUE', 'TRUE', 'FALSE', 'TRUE']","['red', 'blue', 'blue', 'red', 'red', 'blue', 'red']"
visitor-mwyw0,red,blue,trial,1,detector,blue,6,0.5,2,4,4,2,4,FALSE,2,4,0,0,16643,25162,1621286128726,1621286153888,-1,-1,-1
visitor-mwyw0,red,blue,trial,2,detector,blue,6,0.5,0,0,4,2,4,FALSE,0,0,0,0,12305,12306,1621286154895,1621286167201,blue,"['TRUE', 'TRUE', 'FALSE', 'FALSE', 'FALSE', 'FALSE', 'TRUE']","['blue', 'blue', 'red', 'red', 'red', 'red', 'blue']"
visitor-mwyw0,red,blue,trial,3,detector,blue,6,0.5,1,5,5,1,5,TRUE,-2,5,0,0,7758,16159,1621286168203,1621286184362,-1,-1,-1
visitor-mwyw0,red,blue,trial,4,detector,blue,6,0.5,3,3,1,5,1,TRUE,6,0,0,0,17671,26204,1621286185368,1621286211572,-1,-1,-1
visitor-mwyw0,red,blue,trial,5,detector,blue,6,0.5,5,1,5,1,5,TRUE,6,0,0,0,4078,12569,1621286212575,1621286225145,-1,-1,-1
visitor-mwyw0,red,blue,trial,6,detector,blue,6,0.5,5,1,6,0,6,TRUE,6,0,0,0,3942,12512,1621286226151,1621286238663,-1,-1,-1
visitor-mwyw0,red,blue,trial,7,detector,blue,6,0.5,2,4,4,2,4,FALSE,2,4,18,9,16228,24844,1621286242185,1621286267030,-1,-1,-1
visitor-mwyw0,red,blue,trial,8,detector,blue,6,0.5,4,2,2,4,2,FALSE,4,2,18,9,5109,13719,1621286268046,1621286281765,-1,-1,-1
visitor-mwyw0,red,blue,trial,9,detector,blue,6,0.5,4,2,4,2,4,TRUE,6,0,18,9,4096,12462,1621286282781,1621286295243,-1,-1,-1
visitor-mwyw0,red,blue,trial,10,detector,blue,6,0.5,5,1,4,2,4,TRUE,6,0,18,9,5403,13947,1621286296246,1621286310193,-1,-1,-1
visitor-mwyw0,red,blue,trial,11,detector,blue,6,0.5,0,0,4,2,4,TRUE,0,0,18,9,6337,6337,1621286311205,1621286317542,red,"['FALSE', 'TRUE', 'TRUE', 'FALSE', 'TRUE', 'TRUE', 'FALSE']","['blue', 'red', 'red', 'blue', 'red', 'red', 'blue']"
visitor-mwyw0,red,blue,trial,12,detector,blue,6,0.5,3,3,0,6,0,TRUE,6,0,18,9,3803,12230,1621286318555,1621286330786,-1,-1,-1
visitor-mwyw0,red,blue,trial,13,liar,red,6,0.5,0,6,0,0,6,FALSE,0,6,42,15,8294,24561,1621286351143,1621286375704,-1,-1,-1
visitor-mwyw0,red,blue,trial,14,liar,red,6,0.5,2,4,0,0,6,TRUE,0,6,42,15,5234,21404,1621286376719,1621286398124,-1,-1,-1
visitor-mwyw0,red,blue,trial,15,liar,red,6,0.5,5,1,5,5,1,TRUE,5,-2,42,15,8824,24491,1621286399133,1621286423624,-1,-1,-1
visitor-mwyw0,red,blue,trial,16,liar,red,6,0.5,2,4,3,3,3,TRUE,0,6,42,15,5071,20912,1621286424637,1621286445549,-1,-1,-1
visitor-mwyw0,red,blue,trial,17,liar,red,6,0.5,1,5,1,1,5,FALSE,1,5,42,15,4784,20049,1621286446556,1621286466606,-1,-1,-1
visitor-mwyw0,red,blue,trial,18,liar,red,6,0.5,0,0,1,1,5,FALSE,0,0,42,15,6086,6086,1621286467624,1621286473710,red,"['TRUE', 'TRUE', 'FALSE', 'FALSE', 'TRUE', 'FALSE', 'TRUE']","['red', 'red', 'blue', 'blue', 'red', 'blue', 'red']"
visitor-mwyw0,red,blue,trial,19,liar,red,6,0.5,3,3,3,3,3,FALSE,3,3,48,36,5405,22279,1621286477235,1621286499514,-1,-1,-1
visitor-mwyw0,red,blue,trial,20,liar,red,6,0.5,6,0,6,6,0,TRUE,6,-3,48,36,4352,20246,1621286500538,1621286520784,-1,-1,-1
visitor-mwyw0,red,blue,trial,21,liar,red,6,0.5,5,1,5,5,1,FALSE,5,1,48,36,3944,19984,1621286521793,1621286541778,-1,-1,-1
visitor-mwyw0,red,blue,trial,22,liar,red,6,0.5,2,4,4,4,2,TRUE,0,6,48,36,7205,22172,1621286542783,1621286564955,-1,-1,-1
visitor-mwyw0,red,blue,trial,23,liar,red,6,0.5,4,2,4,4,2,FALSE,4,2,48,36,3225,19107,1621286565974,1621286585082,-1,-1,-1
visitor-mwyw0,red,blue,trial,24,liar,red,6,0.5,0,0,4,4,2,FALSE,0,0,48,36,6783,6784,1621286586087,1621286592871,blue,"['FALSE', 'TRUE', 'FALSE', 'TRUE', 'FALSE', 'TRUE', 'FALSE']","['red', 'blue', 'red', 'blue', 'red', 'blue', 'red']"
visitor-p0pzb,red,blue,trial,1,detector,blue,6,0.5,2,4,0,6,0,TRUE,6,0,0,0,87414,95797,1629387352440,1629387448237,-1,-1,-1
visitor-p0pzb,red,blue,trial,2,detector,blue,6,0.5,5,1,2,4,2,FALSE,4,2,0,0,1638,10079,1629387449243,1629387459322,-1,-1,-1
visitor-p0pzb,red,blue,trial,3,detector,blue,6,0.5,0,0,2,4,2,FALSE,0,0,0,0,5518,5520,1629387460328,1629387465848,blue,"['TRUE', 'TRUE', 'TRUE', 'TRUE', 'FALSE', 'FALSE', 'FALSE']","['red', 'red', 'red', 'red', 'blue', 'blue', 'blue']"
visitor-p0pzb,red,blue,trial,4,detector,blue,6,0.5,4,2,5,1,5,FALSE,1,5,0,0,139570,148262,1629387466850,1629387615112,-1,-1,-1
visitor-p0pzb,red,blue,trial,5,detector,blue,6,0.5,3,3,3,3,3,FALSE,3,3,0,0,14927,23404,1629387616118,1629387639523,-1,-1,-1
visitor-p0pzb,red,blue,trial,6,detector,blue,6,0.5,3,3,6,0,6,FALSE,0,6,0,0,1487,9969,1629387640524,1629387650493,-1,-1,-1
visitor-p0pzb,red,blue,trial,7,detector,blue,6,0.5,4,2,3,3,3,TRUE,6,0,14,16,1605,10188,1629387654004,1629387664192,-1,-1,-1
visitor-p0pzb,red,blue,trial,8,detector,blue,6,0.5,4,2,2,4,2,TRUE,1,2,14,16,8008,16388,1629387665196,1629387681584,-1,-1,-1
visitor-p0pzb,red,blue,trial,9,detector,blue,6,0.5,4,2,2,4,2,TRUE,1,2,14,16,1580,10044,1629387682587,1629387692631,-1,-1,-1
visitor-p0pzb,red,blue,trial,10,detector,blue,6,0.5,4,2,2,4,2,TRUE,1,2,14,16,1314,9810,1629387693633,1629387703444,-1,-1,-1
visitor-p0pzb,red,blue,trial,11,detector,blue,6,0.5,0,0,2,4,2,TRUE,0,0,14,16,5046,5049,1629387704452,1629387709501,red,"['FALSE', 'TRUE', 'TRUE', 'TRUE', 'FALSE', 'FALSE', 'TRUE']","['blue', 'red', 'red', 'red', 'blue', 'blue', 'red']"
visitor-p0pzb,red,blue,trial,12,detector,blue,6,0.5,3,3,1,5,1,FALSE,5,1,14,16,794,9262,1629387710505,1629387719767,-1,-1,-1
visitor-p0pzb,red,blue,trial,13,liar,red,6,0.5,0,0,1,5,1,FALSE,0,0,28,23,29726,29727,1629387740026,1629387769753,blue,"['TRUE', 'FALSE', 'FALSE', 'TRUE', 'FALSE', 'TRUE', 'FALSE']","['blue', 'red', 'red', 'blue', 'red', 'blue', 'red']"
visitor-p0pzb,red,blue,trial,14,liar,red,6,0.5,0,6,2,2,4,FALSE,2,4,28,23,11729,27638,1629387770757,1629387798395,-1,-1,-1
visitor-p0pzb,red,blue,trial,15,liar,red,6,0.5,1,5,3,3,3,TRUE,0,6,28,23,5857,20727,1629387799400,1629387820127,-1,-1,-1
visitor-p0pzb,red,blue,trial,16,liar,red,6,0.5,3,3,4,4,2,FALSE,4,2,28,23,4709,19839,1629387821136,1629387840975,-1,-1,-1
visitor-p0pzb,red,blue,trial,17,liar,red,6,0.5,4,2,4,4,2,TRUE,4,-1,28,23,8686,26165,1629387841981,1629387868147,-1,-1,-1
visitor-p0pzb,red,blue,trial,18,liar,red,6,0.5,6,0,6,6,0,TRUE,6,-3,28,23,4707,21083,1629387869153,1629387890236,-1,-1,-1
visitor-p0pzb,red,blue,trial,19,liar,red,6,0.5,0,0,6,6,0,TRUE,0,0,44,31,5087,5094,1629387893742,1629387898836,red,"['TRUE', 'FALSE', 'TRUE', 'TRUE', 'FALSE', 'TRUE', 'FALSE']","['red', 'blue', 'red', 'red', 'blue', 'red', 'blue']"
visitor-p0pzb,red,blue,trial,20,liar,red,6,0.5,4,2,4,4,2,TRUE,4,-1,44,31,9079,24256,1629387899841,1629387924098,-1,-1,-1
visitor-p0pzb,red,blue,trial,21,liar,red,6,0.5,2,4,5,5,1,TRUE,0,6,44,31,13264,28286,1629387925101,1629387953387,-1,-1,-1
visitor-p0pzb,red,blue,trial,22,liar,red,6,0.5,3,3,1,1,5,FALSE,1,5,44,31,52975,71508,1629387954393,1629388025902,-1,-1,-1
visitor-p0pzb,red,blue,trial,23,liar,red,6,0.5,2,4,2,2,4,FALSE,2,4,44,31,4686,23694,1629388026908,1629388050602,-1,-1,-1
visitor-p0pzb,red,blue,trial,24,liar,red,6,0.5,5,1,5,5,1,TRUE,5,-2,44,31,8241,26702,1629388051608,1629388078310,-1,-1,-1
visitor-55hy4,red,blue,trial,1,detector,blue,6,0.5,3,3,1,5,1,FALSE,5,1,0,0,11870,20367,1621298640143,1621298660511,-1,-1,-1
visitor-55hy4,red,blue,trial,2,detector,blue,6,0.5,3,3,3,3,3,FALSE,3,3,0,0,13565,22314,1621298661536,1621298683851,-1,-1,-1
visitor-55hy4,red,blue,trial,3,detector,blue,6,0.5,2,4,4,2,4,TRUE,-1,4,0,0,11422,19796,1621298684877,1621298704674,-1,-1,-1
visitor-55hy4,red,blue,trial,4,detector,blue,6,0.5,0,0,4,2,4,TRUE,0,0,0,0,10981,10983,1621298705697,1621298716680,blue,"['TRUE', 'FALSE', 'FALSE', 'TRUE', 'FALSE', 'FALSE', 'TRUE']","['blue', 'red', 'red', 'blue', 'red', 'red', 'blue']"
visitor-55hy4,red,blue,trial,5,detector,blue,6,0.5,4,2,0,6,0,FALSE,6,0,0,0,12747,21291,1621298717707,1621298738998,-1,-1,-1
visitor-55hy4,red,blue,trial,6,detector,blue,6,0.5,3,3,3,3,3,FALSE,3,3,0,0,6962,15353,1621298740007,1621298755360,-1,-1,-1
visitor-55hy4,red,blue,trial,7,detector,blue,6,0.5,2,4,4,2,4,FALSE,2,4,16,11,11743,20348,1621298758868,1621298779216,-1,-1,-1
visitor-55hy4,red,blue,trial,8,detector,blue,6,0.5,2,4,4,2,4,TRUE,-1,4,16,11,10860,19257,1621298780247,1621298799505,-1,-1,-1
visitor-55hy4,red,blue,trial,9,detector,blue,6,0.5,4,2,5,1,5,FALSE,1,5,16,11,9872,18603,1621298800530,1621298819134,-1,-1,-1
visitor-55hy4,red,blue,trial,10,detector,blue,6,0.5,2,4,6,0,6,FALSE,0,6,16,11,8263,16857,1621298820156,1621298837013,-1,-1,-1
visitor-55hy4,red,blue,trial,11,detector,blue,6,0.5,0,0,6,0,6,FALSE,0,0,16,11,12385,12386,1621298838039,1621298850425,red,"['TRUE', 'FALSE', 'TRUE', 'FALSE', 'TRUE', 'FALSE', 'TRUE']","['red', 'blue', 'red', 'blue', 'red', 'blue', 'red']"
visitor-55hy4,red,blue,trial,12,detector,blue,6,0.5,3,3,3,3,3,TRUE,0,3,16,11,13340,21975,1621298851482,1621298873457,-1,-1,-1
visitor-55hy4,red,blue,trial,13,liar,red,6,0.5,0,6,1,1,5,FALSE,1,5,18,33,8632,24923,1621298893784,1621298918707,-1,-1,-1
visitor-55hy4,red,blue,trial,14,liar,red,6,0.5,2,4,2,2,4,FALSE,2,4,18,33,3756,20539,1621298919732,1621298940271,-1,-1,-1
visitor-55hy4,red,blue,trial,15,liar,red,6,0.5,2,4,6,6,0,FALSE,6,0,18,33,9821,26261,1621298941295,1621298967560,-1,-1,-1
visitor-55hy4,red,blue,trial,16,liar,red,6,0.5,4,2,5,5,1,TRUE,0,6,18,33,5823,21751,1621298968585,1621298990337,-1,-1,-1
visitor-55hy4,red,blue,trial,17,liar,red,6,0.5,3,3,3,3,3,TRUE,3,0,18,33,3319,19525,1621298991361,1621299010886,-1,-1,-1
visitor-55hy4,red,blue,trial,18,liar,red,6,0.5,0,0,3,3,3,TRUE,0,0,18,33,20437,20438,1621299011916,1621299032354,blue,"['FALSE', 'TRUE', 'FALSE', 'FALSE', 'FALSE', 'TRUE', 'TRUE']","['red', 'blue', 'red', 'red', 'red', 'blue', 'blue']"
visitor-55hy4,red,blue,trial,19,liar,red,6,0.5,4,2,4,4,2,FALSE,4,2,30,48,6402,22447,1621299035862,1621299058310,-1,-1,-1
visitor-55hy4,red,blue,trial,20,liar,red,6,0.5,0,0,4,4,2,FALSE,0,0,30,48,27620,27621,1621299059332,1621299086953,red,"['FALSE', 'TRUE', 'TRUE', 'FALSE', 'TRUE', 'FALSE', 'TRUE']","['blue', 'red', 'red', 'blue', 'red', 'blue', 'red']"
visitor-55hy4,red,blue,trial,21,liar,red,6,0.5,5,1,6,6,0,TRUE,0,6,30,48,4798,21930,1621299087975,1621299109907,-1,-1,-1
visitor-55hy4,red,blue,trial,22,liar,red,6,0.5,5,1,5,5,1,TRUE,5,-2,30,48,2979,19193,1621299110936,1621299130130,-1,-1,-1
visitor-55hy4,red,blue,trial,23,liar,red,6,0.5,1,5,0,0,6,FALSE,0,6,30,48,7827,25312,1621299131155,1621299156468,-1,-1,-1
visitor-55hy4,red,blue,trial,24,liar,red,6,0.5,6,0,0,0,6,FALSE,0,6,30,48,2890,20201,1621299157509,1621299177711,-1,-1,-1
visitor-3np9b,red,blue,trial,1,detector,blue,6,0.5,4,2,3,3,3,TRUE,6,0,0,0,16482,25061,1621901592442,1621901617504,-1,-1,-1
visitor-3np9b,red,blue,trial,2,detector,blue,6,0.5,3,3,3,3,3,FALSE,3,3,0,0,12359,21081,1621901618507,1621901639588,-1,-1,-1
visitor-3np9b,red,blue,trial,3,detector,blue,6,0.5,0,0,3,3,3,FALSE,0,0,0,0,54081,54081,1621901640592,1621901694673,red,"['FALSE', 'TRUE', 'TRUE', 'TRUE', 'TRUE', 'FALSE', 'FALSE']","['blue', 'red', 'red', 'red', 'red', 'blue', 'blue']"
visitor-3np9b,red,blue,trial,4,detector,blue,6,0.5,4,2,2,4,2,FALSE,4,2,0,0,12654,21249,1621901695676,1621901716925,-1,-1,-1
visitor-3np9b,red,blue,trial,5,detector,blue,6,0.5,3,3,1,5,1,FALSE,5,1,0,0,12717,21131,1621901717928,1621901739059,-1,-1,-1
visitor-3np9b,red,blue,trial,6,detector,blue,6,0.5,5,1,4,2,4,TRUE,6,0,0,0,9141,17858,1621901740061,1621901757919,-1,-1,-1
visitor-3np9b,red,blue,trial,7,detector,blue,6,0.5,4,2,2,4,2,TRUE,1,2,24,6,13277,21683,1621901761425,1621901783108,-1,-1,-1
visitor-3np9b,red,blue,trial,8,detector,blue,6,0.5,3,3,5,1,5,TRUE,6,0,24,6,3658,12168,1621901784111,1621901796280,-1,-1,-1
visitor-3np9b,red,blue,trial,9,detector,blue,6,0.5,2,4,0,6,0,FALSE,6,0,24,6,9655,18181,1621901797282,1621901815463,-1,-1,-1
visitor-3np9b,red,blue,trial,10,detector,blue,6,0.5,5,1,6,0,6,FALSE,0,6,24,6,11434,20006,1621901816466,1621901836472,-1,-1,-1
visitor-3np9b,red,blue,trial,11,detector,blue,6,0.5,0,0,6,0,6,FALSE,0,0,24,6,12848,12848,1621901837477,1621901850325,blue,"['TRUE', 'FALSE', 'FALSE', 'TRUE', 'FALSE', 'FALSE', 'TRUE']","['blue', 'red', 'red', 'blue', 'red', 'red', 'blue']"
visitor-3np9b,red,blue,trial,12,detector,blue,6,0.5,4,2,2,4,2,TRUE,1,2,24,6,13265,21640,1621901851328,1621901872968,-1,-1,-1
visitor-3np9b,red,blue,trial,13,liar,red,6,0.5,0,0,2,4,2,TRUE,0,0,38,16,10681,10681,1621901893404,1621901904085,red,"['TRUE', 'TRUE', 'TRUE', 'TRUE', 'FALSE', 'FALSE', 'FALSE']","['red', 'red', 'red', 'red', 'blue', 'blue', 'blue']"
visitor-3np9b,red,blue,trial,14,liar,red,6,0.5,2,4,2,2,4,FALSE,2,4,38,16,14795,31628,1621901905089,1621901936717,-1,-1,-1
visitor-3np9b,red,blue,trial,15,liar,red,6,0.5,4,2,5,5,1,TRUE,0,6,38,16,8832,26003,1621901937723,1621901963726,-1,-1,-1
visitor-3np9b,red,blue,trial,16,liar,red,6,0.5,4,2,6,6,0,TRUE,0,6,38,16,8577,25478,1621901964743,1621901990221,-1,-1,-1
visitor-3np9b,red,blue,trial,17,liar,red,6,0.5,0,6,1,1,5,FALSE,1,5,38,16,14746,29564,1621901991226,1621902020791,-1,-1,-1
visitor-3np9b,red,blue,trial,18,liar,red,6,0.5,1,5,5,5,1,TRUE,0,6,38,16,16420,33052,1621902021796,1621902054848,-1,-1,-1
visitor-3np9b,red,blue,trial,19,liar,red,6,0.5,6,0,0,0,6,FALSE,0,6,41,43,11417,28025,1621902058360,1621902086386,-1,-1,-1
visitor-3np9b,red,blue,trial,20,liar,red,6,0.5,5,1,4,4,2,TRUE,0,6,41,43,15471,33112,1621902087393,1621902120506,-1,-1,-1
visitor-3np9b,red,blue,trial,21,liar,red,6,0.5,2,4,2,2,4,FALSE,2,4,41,43,5677,22761,1621902121510,1621902144271,-1,-1,-1
visitor-3np9b,red,blue,trial,22,liar,red,6,0.5,3,3,4,4,2,FALSE,4,2,41,43,3605,17954,1621902145277,1621902163232,-1,-1,-1
visitor-3np9b,red,blue,trial,23,liar,red,6,0.5,0,0,4,4,2,FALSE,0,0,41,43,10072,10072,1621902164236,1621902174308,blue,"['TRUE', 'FALSE', 'TRUE', 'FALSE', 'TRUE', 'FALSE', 'FALSE']","['blue', 'red', 'blue', 'red', 'blue', 'red', 'red']"
visitor-3np9b,red,blue,trial,24,liar,red,6,0.5,2,4,2,2,4,TRUE,2,1,41,43,9276,24619,1621902175315,1621902199935,-1,-1,-1
visitor-jkrx7,red,blue,trial,1,detector,blue,6,0.5,3,3,3,3,3,FALSE,3,3,0,0,13645,22415,1634249501884,1634249524300,-1,-1,-1
visitor-jkrx7,red,blue,trial,2,detector,blue,6,0.5,4,2,6,0,6,TRUE,6,0,0,0,14882,23580,1634249526715,1634249550296,-1,-1,-1
visitor-jkrx7,red,blue,trial,3,detector,blue,6,0.5,5,1,3,3,3,TRUE,6,0,0,0,11161,19609,1634249553516,1634249573125,-1,-1,-1
visitor-jkrx7,red,blue,trial,4,detector,blue,6,0.5,4,2,4,2,4,FALSE,2,4,0,0,18304,27028,1634249576187,1634249603216,-1,-1,-1
visitor-jkrx7,red,blue,trial,5,detector,blue,6,0.5,3,3,3,3,3,FALSE,3,3,0,0,11425,20000,1634249607044,1634249627044,-1,-1,-1
visitor-jkrx7,red,blue,trial,6,detector,blue,6,0.5,0,0,3,3,3,FALSE,0,0,0,0,14525,14529,1634249631065,1634249645594,red,"['TRUE', 'FALSE', 'TRUE', 'TRUE', 'FALSE', 'FALSE', 'TRUE']","['red', 'blue', 'red', 'red', 'blue', 'blue', 'red']"
visitor-jkrx7,red,blue,trial,7,detector,blue,6,0.5,0,6,6,0,6,TRUE,-3,6,20,10,8850,17448,1634249649108,1634249666558,-1,-1,-1
visitor-jkrx7,red,blue,trial,8,detector,blue,6,0.5,3,3,5,1,5,TRUE,6,0,20,10,8580,16954,1634249669226,1634249686181,-1,-1,-1
visitor-jkrx7,red,blue,trial,9,detector,blue,6,0.5,0,0,5,1,5,TRUE,0,0,20,10,6292,6296,1634249690979,1634249697275,blue,"['TRUE', 'FALSE', 'TRUE', 'FALSE', 'TRUE', 'FALSE', 'FALSE']","['blue', 'red', 'blue', 'red', 'blue', 'red', 'red']"
visitor-jkrx7,red,blue,trial,10,detector,blue,6,0.5,4,2,2,4,2,FALSE,4,2,20,10,12914,21368,1634249700184,1634249721552,-1,-1,-1
visitor-jkrx7,red,blue,trial,11,detector,blue,6,0.5,4,2,0,6,0,TRUE,6,0,20,10,16769,25145,1634249724554,1634249749700,-1,-1,-1
visitor-jkrx7,red,blue,trial,12,detector,blue,6,0.5,3,3,1,5,1,FALSE,5,1,20,10,12266,20752,1634249754075,1634249774828,-1,-1,-1
visitor-jkrx7,red,blue,trial,13,liar,red,6,0.5,2,4,2,2,4,FALSE,2,4,38,19,5391,23608,1634249797458,1634249821067,-1,-1,-1
visitor-jkrx7,red,blue,trial,14,liar,red,6,0.5,0,0,2,2,4,FALSE,0,0,38,19,7619,7623,1634249835215,1634249842838,red,"['FALSE', 'FALSE', 'FALSE', 'TRUE', 'TRUE', 'TRUE', 'TRUE']","['blue', 'blue', 'blue', 'red', 'red', 'red', 'red']"
visitor-jkrx7,red,blue,trial,15,liar,red,6,0.5,4,2,4,4,2,FALSE,4,2,38,19,6362,22491,1634249845702,1634249868194,-1,-1,-1
visitor-jkrx7,red,blue,trial,16,liar,red,6,0.5,0,6,0,0,6,FALSE,0,6,38,19,5502,21730,1634249871402,1634249893133,-1,-1,-1
visitor-jkrx7,red,blue,trial,17,liar,red,6,0.5,3,3,3,3,3,TRUE,3,0,38,19,4057,19696,1634249897795,1634249917492,-1,-1,-1
visitor-jkrx7,red,blue,trial,18,liar,red,6,0.5,4,2,4,4,2,TRUE,4,-1,38,19,6358,21501,1634249920647,1634249942149,-1,-1,-1
visitor-jkrx7,red,blue,trial,19,liar,red,6,0.5,0,0,4,4,2,TRUE,0,0,51,30,6188,6193,1634249945660,1634249951853,blue,"['TRUE', 'FALSE', 'FALSE', 'FALSE', 'FALSE', 'TRUE', 'TRUE']","['blue', 'red', 'red', 'red', 'red', 'blue', 'blue']"
visitor-jkrx7,red,blue,trial,20,liar,red,6,0.5,5,1,5,5,1,TRUE,5,-2,51,30,6019,21190,1634249954150,1634249975341,-1,-1,-1
visitor-jkrx7,red,blue,trial,21,liar,red,6,0.5,2,4,2,2,4,FALSE,2,4,51,30,5498,20633,1634249977286,1634249997920,-1,-1,-1
visitor-jkrx7,red,blue,trial,22,liar,red,6,0.5,6,0,6,6,0,TRUE,6,-3,51,30,3113,18151,1634250000205,1634250018356,-1,-1,-1
visitor-jkrx7,red,blue,trial,23,liar,red,6,0.5,1,5,1,1,5,TRUE,1,2,51,30,6175,20999,1634250020285,1634250041285,-1,-1,-1
visitor-jkrx7,red,blue,trial,24,liar,red,6,0.5,1,5,1,1,5,FALSE,1,5,51,30,2665,18274,1634250043815,1634250062089,-1,-1,-1
visitor-6j8pj,blue,red,trial,1,liar,blue,6,0.5,6,0,6,0,6,TRUE,6,0,0,0,13495,32906,1634001079812,1634001112719,-1,-1,-1
visitor-6j8pj,blue,red,trial,2,liar,blue,6,0.5,0,0,6,0,6,TRUE,0,0,0,0,11174,11179,1634001113746,1634001124925,blue,"['FALSE', 'FALSE', 'TRUE', 'TRUE', 'TRUE', 'FALSE', 'FALSE']","['red', 'red', 'blue', 'blue', 'blue', 'red', 'red']"
visitor-6j8pj,blue,red,trial,3,liar,blue,6,0.5,3,3,3,3,3,TRUE,0,3,0,0,16608,37497,1634001125949,1634001163448,-1,-1,-1
visitor-6j8pj,blue,red,trial,4,liar,blue,6,0.5,4,2,2,4,2,FALSE,4,2,0,0,12873,31214,1634001164480,1634001195696,-1,-1,-1
visitor-6j8pj,blue,red,trial,5,liar,blue,6,0.5,2,4,4,2,4,FALSE,2,4,0,0,11436,30331,1634001196735,1634001227067,-1,-1,-1
visitor-6j8pj,blue,red,trial,6,liar,blue,6,0.5,5,1,5,1,5,FALSE,1,5,0,0,6452,25296,1634001228093,1634001253390,-1,-1,-1
visitor-6j8pj,blue,red,trial,7,liar,blue,6,0.5,2,4,4,2,4,FALSE,2,4,13,14,11452,30900,1634001256981,1634001287882,-1,-1,-1
visitor-6j8pj,blue,red,trial,8,liar,blue,6,0.5,0,0,4,2,4,FALSE,0,0,13,14,19022,19026,1634001288902,1634001307928,red,"['TRUE', 'TRUE', 'TRUE', 'FALSE', 'FALSE', 'FALSE', 'TRUE']","['red', 'red', 'red', 'blue', 'blue', 'blue', 'red']"
visitor-6j8pj,blue,red,trial,9,liar,blue,6,0.5,1,5,5,1,5,FALSE,1,5,13,14,10794,29250,1634001308948,1634001338199,-1,-1,-1
visitor-6j8pj,blue,red,trial,10,liar,blue,6,0.5,2,4,4,2,4,FALSE,2,4,13,14,7518,25938,1634001339219,1634001365157,-1,-1,-1
visitor-6j8pj,blue,red,trial,11,liar,blue,6,0.5,0,6,0,6,0,FALSE,6,0,13,14,12377,33501,1634001366195,1634001399698,-1,-1,-1
visitor-6j8pj,blue,red,trial,12,liar,blue,6,0.5,2,4,4,2,4,TRUE,-1,4,13,14,7462,27966,1634001400746,1634001428713,-1,-1,-1
visitor-6j8pj,blue,red,trial,13,detector,red,6,0.5,1,5,4,4,2,TRUE,0,6,23,31,16849,25321,1634001465439,1634001490761,-1,-1,-1
visitor-6j8pj,blue,red,trial,14,detector,red,6,0.5,3,3,3,3,3,FALSE,3,3,23,31,10388,18899,1634001491792,1634001510692,-1,-1,-1
visitor-6j8pj,blue,red,trial,15,detector,red,6,0.5,3,3,6,6,0,TRUE,0,6,23,31,4277,12700,1634001511721,1634001524421,-1,-1,-1
visitor-6j8pj,blue,red,trial,16,detector,red,6,0.5,3,3,3,3,3,FALSE,3,3,23,31,4366,13114,1634001525574,1634001538690,-1,-1,-1
visitor-6j8pj,blue,red,trial,17,detector,red,6,0.5,0,6,0,0,6,FALSE,0,6,23,31,1567,9949,1634001539712,1634001549662,-1,-1,-1
visitor-6j8pj,blue,red,trial,18,detector,red,6,0.5,0,0,0,0,6,FALSE,0,0,23,31,12861,12864,1634001550689,1634001563553,red,"['TRUE', 'FALSE', 'TRUE', 'FALSE', 'TRUE', 'TRUE', 'FALSE']","['red', 'blue', 'red', 'blue', 'red', 'red', 'blue']"
visitor-6j8pj,blue,red,trial,19,detector,red,6,0.5,3,3,5,5,1,TRUE,0,6,29,55,6069,14840,1634001567071,1634001581912,-1,-1,-1
visitor-6j8pj,blue,red,trial,20,detector,red,6,0.5,0,0,5,5,1,TRUE,0,0,29,55,18467,18470,1634001582938,1634001601408,blue,"['FALSE', 'TRUE', 'FALSE', 'TRUE', 'FALSE', 'FALSE', 'TRUE']","['red', 'blue', 'red', 'blue', 'red', 'red', 'blue']"
visitor-6j8pj,blue,red,trial,21,detector,red,6,0.5,2,4,3,3,3,FALSE,3,3,29,55,4405,12829,1634001602519,1634001615350,-1,-1,-1
visitor-6j8pj,blue,red,trial,22,detector,red,6,0.5,2,4,1,1,5,TRUE,0,6,29,55,3087,11523,1634001616465,1634001627991,-1,-1,-1
visitor-6j8pj,blue,red,trial,23,detector,red,6,0.5,4,2,5,5,1,TRUE,0,6,29,55,5537,14352,1634001629190,1634001643543,-1,-1,-1
visitor-6j8pj,blue,red,trial,24,detector,red,6,0.5,3,3,3,3,3,FALSE,3,3,29,55,8155,16780,1634001644599,1634001661380,-1,-1,-1
visitor-th39o,red,blue,trial,1,liar,red,6,0.5,2,4,6,6,0,FALSE,6,0,0,0,9754,24982,1634250936907,1634250961891,-1,-1,-1
visitor-th39o,red,blue,trial,2,liar,red,6,0.5,6,0,6,6,0,TRUE,6,-3,0,0,8126,23227,1634250965044,1634250988272,-1,-1,-1
visitor-th39o,red,blue,trial,3,liar,red,6,0.5,0,6,2,2,4,FALSE,2,4,0,0,3660,19154,1634250991323,1634251010478,-1,-1,-1
visitor-th39o,red,blue,trial,4,liar,red,6,0.5,4,2,4,4,2,TRUE,4,-1,0,0,4144,19760,1634251012800,1634251032561,-1,-1,-1
visitor-th39o,red,blue,trial,5,liar,red,6,0.5,0,0,4,4,2,TRUE,0,0,0,0,6200,6206,1634251034713,1634251040919,red,"['TRUE', 'TRUE', 'FALSE', 'FALSE', 'FALSE', 'TRUE', 'TRUE']","['red', 'red', 'blue', 'blue', 'blue', 'red', 'red']"
visitor-th39o,red,blue,trial,6,liar,red,6,0.5,3,3,3,3,3,TRUE,3,0,0,0,1612,17368,1634251042811,1634251060179,-1,-1,-1
visitor-th39o,red,blue,trial,7,liar,red,6,0.5,0,0,3,3,3,TRUE,0,0,21,0,5594,5597,1634251063689,1634251069286,blue,"['FALSE', 'FALSE', 'TRUE', 'FALSE', 'TRUE', 'FALSE', 'TRUE']","['red', 'red', 'blue', 'red', 'blue', 'red', 'blue']"
visitor-th39o,red,blue,trial,8,liar,red,6,0.5,2,4,2,2,4,FALSE,2,4,21,0,5300,20748,1634251071106,1634251091855,-1,-1,-1
visitor-th39o,red,blue,trial,9,liar,red,6,0.5,1,5,1,1,5,FALSE,1,5,21,0,1832,16991,1634251094158,1634251111150,-1,-1,-1
visitor-th39o,red,blue,trial,10,liar,red,6,0.5,6,0,6,6,0,TRUE,6,-3,21,0,2189,17711,1634251113161,1634251130872,-1,-1,-1
visitor-th39o,red,blue,trial,11,liar,red,6,0.5,5,1,1,1,5,FALSE,1,5,21,0,3358,20206,1634251133448,1634251153655,-1,-1,-1
visitor-th39o,red,blue,trial,12,liar,red,6,0.5,1,5,1,1,5,FALSE,1,5,21,0,2397,17218,1634251156542,1634251173762,-1,-1,-1
visitor-th39o,red,blue,trial,13,detector,blue,6,0.5,5,1,2,4,2,FALSE,4,2,32,16,11195,19780,1634251196045,1634251215827,-1,-1,-1
visitor-th39o,red,blue,trial,14,detector,blue,6,0.5,2,4,4,2,4,TRUE,-1,4,32,16,7816,16207,1634251217668,1634251233875,-1,-1,-1
visitor-th39o,red,blue,trial,15,detector,blue,6,0.5,4,2,4,2,4,TRUE,6,0,32,16,11410,20005,1634251236668,1634251256675,-1,-1,-1
visitor-th39o,red,blue,trial,16,detector,blue,6,0.5,3,3,6,0,6,TRUE,6,0,32,16,29051,37492,1634251259066,1634251296559,-1,-1,-1
visitor-th39o,red,blue,trial,17,detector,blue,6,0.5,3,3,5,1,5,FALSE,1,5,32,16,3366,11782,1634251298498,1634251310280,-1,-1,-1
visitor-th39o,red,blue,trial,18,detector,blue,6,0.5,0,0,5,1,5,FALSE,0,0,32,16,5870,5873,1634251312497,1634251318370,red,"['TRUE', 'FALSE', 'TRUE', 'TRUE', 'FALSE', 'FALSE', 'TRUE']","['red', 'blue', 'red', 'red', 'blue', 'blue', 'red']"
visitor-th39o,red,blue,trial,19,detector,blue,6,0.5,4,2,4,2,4,FALSE,2,4,48,27,7401,15796,1634251321882,1634251337679,-1,-1,-1
visitor-th39o,red,blue,trial,20,detector,blue,6,0.5,0,0,4,2,4,FALSE,0,0,48,27,5482,5486,1634251339879,1634251345365,blue,"['TRUE', 'FALSE', 'FALSE', 'FALSE', 'FALSE', 'TRUE', 'TRUE']","['blue', 'red', 'red', 'red', 'red', 'blue', 'blue']"
visitor-th39o,red,blue,trial,21,detector,blue,6,0.5,3,3,1,5,1,FALSE,5,1,48,27,26670,35066,1634251347542,1634251382610,-1,-1,-1
visitor-th39o,red,blue,trial,22,detector,blue,6,0.5,4,2,0,6,0,FALSE,6,0,48,27,7126,15813,1634251385009,1634251400822,-1,-1,-1
visitor-th39o,red,blue,trial,23,detector,blue,6,0.5,1,5,5,1,5,TRUE,-2,5,48,27,8428,16956,1634251402639,1634251419596,-1,-1,-1
visitor-th39o,red,blue,trial,24,detector,blue,6,0.5,0,6,6,0,6,FALSE,0,6,48,27,3127,11518,1634251421704,1634251433223,-1,-1,-1
visitor-p9wgk,blue,red,trial,1,liar,blue,6,0.5,4,2,2,4,2,TRUE,1,2,0,0,18110,33779,1629399585630,1629399619411,-1,-1,-1
visitor-p9wgk,blue,red,trial,2,liar,blue,6,0.5,3,3,3,3,3,TRUE,0,3,0,0,7811,25443,1629399620512,1629399645979,-1,-1,-1
visitor-p9wgk,blue,red,trial,3,liar,blue,6,0.5,0,6,6,0,6,FALSE,0,6,0,0,6588,23047,1629399647087,1629399670139,-1,-1,-1
visitor-p9wgk,blue,red,trial,4,liar,blue,6,0.5,2,4,4,2,4,TRUE,-1,4,0,0,5851,21785,1629399671284,1629399693077,-1,-1,-1
visitor-p9wgk,blue,red,trial,5,liar,blue,6,0.5,1,5,5,1,5,TRUE,-2,5,0,0,7312,24082,1629399694160,1629399718244,-1,-1,-1
visitor-p9wgk,blue,red,trial,6,liar,blue,6,0.5,0,0,5,1,5,TRUE,0,0,0,0,6964,6969,1629399719401,1629399726370,red,"['TRUE', 'FALSE', 'TRUE', 'FALSE', 'TRUE', 'TRUE', 'FALSE']","['red', 'blue', 'red', 'blue', 'red', 'red', 'blue']"
visitor-p9wgk,blue,red,trial,7,liar,blue,6,0.5,0,0,5,1,5,TRUE,0,0,-2,20,6268,6272,1629399729937,1629399736209,blue,"['FALSE', 'TRUE', 'TRUE', 'TRUE', 'FALSE', 'FALSE', 'FALSE']","['red', 'blue', 'blue', 'blue', 'red', 'red', 'red']"
visitor-p9wgk,blue,red,trial,8,liar,blue,6,0.5,6,0,0,6,0,TRUE,3,0,-2,20,6469,22804,1629399737352,1629399760160,-1,-1,-1
visitor-p9wgk,blue,red,trial,9,liar,blue,6,0.5,3,3,3,3,3,TRUE,0,3,-2,20,8128,24376,1629399761210,1629399785591,-1,-1,-1
visitor-p9wgk,blue,red,trial,10,liar,blue,6,0.5,3,3,3,3,3,TRUE,0,3,-2,20,5526,21685,1629399786688,1629399808380,-1,-1,-1
visitor-p9wgk,blue,red,trial,11,liar,blue,6,0.5,5,1,1,5,1,TRUE,2,1,-2,20,5754,22437,1629399809517,1629399831956,-1,-1,-1
visitor-p9wgk,blue,red,trial,12,liar,blue,6,0.5,4,2,2,4,2,FALSE,4,2,-2,20,8105,23670,1629399833040,1629399856712,-1,-1,-1
visitor-p9wgk,blue,red,trial,13,detector,red,6,0.5,0,0,2,4,2,FALSE,0,0,7,29,5433,5438,1629399874036,1629399879474,blue,"['TRUE', 'FALSE', 'TRUE', 'FALSE', 'FALSE', 'FALSE', 'TRUE']","['blue', 'red', 'blue', 'red', 'red', 'red', 'blue']"
visitor-p9wgk,blue,red,trial,14,detector,red,6,0.5,4,2,4,4,2,TRUE,4,-1,7,29,22921,31459,1629399880620,1629399912080,-1,-1,-1
visitor-p9wgk,blue,red,trial,15,detector,red,6,0.5,3,3,3,3,3,FALSE,3,3,7,29,19383,28049,1629399913216,1629399941265,-1,-1,-1
visitor-p9wgk,blue,red,trial,16,detector,red,6,0.5,2,4,6,6,0,TRUE,0,6,7,29,15977,24490,1629399942405,1629399966896,-1,-1,-1
visitor-p9wgk,blue,red,trial,17,detector,red,6,0.5,3,3,3,3,3,FALSE,3,3,7,29,13288,21964,1629399968026,1629399989991,-1,-1,-1
visitor-p9wgk,blue,red,trial,18,detector,red,6,0.5,3,3,0,0,6,TRUE,0,6,7,29,14206,22689,1629399991132,1629400013823,-1,-1,-1
visitor-p9wgk,blue,red,trial,19,detector,red,6,0.5,4,2,1,1,5,FALSE,1,5,17,46,12778,21452,1629400017377,1629400038831,-1,-1,-1
visitor-p9wgk,blue,red,trial,20,detector,red,6,0.5,3,3,4,4,2,TRUE,0,6,17,46,12182,20651,1629400039964,1629400060616,-1,-1,-1
visitor-p9wgk,blue,red,trial,21,detector,red,6,0.5,3,3,3,3,3,FALSE,3,3,17,46,10979,19727,1629400061752,1629400081480,-1,-1,-1
visitor-p9wgk,blue,red,trial,22,detector,red,6,0.5,4,2,5,5,1,TRUE,0,6,17,46,13029,21553,1629400082623,1629400104177,-1,-1,-1
visitor-p9wgk,blue,red,trial,23,detector,red,6,0.5,1,5,2,2,4,FALSE,2,4,17,46,12496,20916,1629400105295,1629400126212,-1,-1,-1
visitor-p9wgk,blue,red,trial,24,detector,red,6,0.5,0,0,2,2,4,FALSE,0,0,17,46,7412,7419,1629400127414,1629400134833,red,"['TRUE', 'FALSE', 'TRUE', 'FALSE', 'FALSE', 'TRUE', 'TRUE']","['red', 'blue', 'red', 'blue', 'blue', 'red', 'red']"
